{
  "params": {
    "alpha": 0.1,
    "gamma": 0.99,
    "epsilon": 0.01,
    "episodes": 10000
  },
  "stats": {
    "avg_total": -24.7362,
    "avg_100": -20.53,
    "avg_1000": -24.618,
    "max": -15.0,
    "min": -1589.0,
    "std": 24.584020745191378,
    "success_rate": 95.56,
    "time": 1.694176197052002
  }
}