{
  "params": {
    "alpha": 0.1,
    "gamma": 0.99,
    "epsilon": 0.01,
    "episodes": 10000
  },
  "stats": {
    "avg_total": -24.8913,
    "avg_100": -26.42,
    "avg_1000": -23.106,
    "max": -15.0,
    "min": -1985.0,
    "std": 20.303319039014287,
    "success_rate": 95.42,
    "time": 2.065412759780884
  }
}