{
  "params": {
    "alpha": 0.01,
    "gamma": 0.99,
    "epsilon": 0.01,
    "episodes": 15000
  },
  "stats": {
    "avg_total": -171.39986666666667,
    "avg_100": -26.64,
    "avg_1000": -26.264,
    "max": -17.0,
    "min": -14756.0,
    "std": 20.652125895413285,
    "success_rate": 66.36666666666666,
    "time": 17.18392848968506
  }
}